year,disasterNumber,damagedZipCode,claimcount,granted,denied,ihpAmount,flood_damaged,flood_damage_amount,renters,apartments,homes,condos,owners,home_damage_amount
2010,1935,40804,1,1,1,1029.17,1,1488.17,0,1,0,0,1,1
2010,1935,60004,3,2,2,3434.4400000000005,2,1438.1100000000001,1,0,3,0,2,3
2010,1935,60005,5,1,1,2832,1,1172.16,2,0,4,0,3,4
2010,1935,60007,9,4,4,25212.78,7,24424.86,1,0,9,0,8,9
2010,1935,60008,4,3,3,6276.74,3,5378.549999999999,0,0,3,1,4,4
2010,1935,60010,2,0,0,0,0,0,1,1,1,0,1,2
2010,1935,60016,100,50,50,205759.36000000002,76,197517.01,29,17,77,3,69,95
2010,1935,60018,30,19,19,45558.71,19,35703.73,4,0,25,0,26,29
2010,1935,60020,1,1,1,1532.16,1,1532.16,0,0,1,0,1,1
2010,1935,60022,1,1,1,2088.52,1,332.92,0,0,1,0,1,1
2010,1935,60025,17,11,11,25290.850000000002,13,21665.62,1,0,17,0,16,16
2010,1935,60026,5,4,4,5025.01,4,2766.5,0,0,5,0,5,4
2010,1935,60053,24,20,20,60223.87,17,45460.24,0,0,24,0,24,23
2010,1935,60056,10,4,4,13626.57,4,8256.29,3,0,8,1,7,7
2010,1935,60062,5,4,4,51231.9,4,5302.9400000000005,1,0,5,0,4,5
2010,1935,60064,1,0,0,0,0,0,1,0,1,0,0,1
2010,1935,60067,3,2,2,9004.68,2,4411.5,1,0,3,0,2,3
2010,1935,60068,39,31,31,74526.77,32,51132.31,4,0,38,0,35,36
2010,1935,60070,1,0,0,0,0,0,0,0,1,0,1,1
2010,1935,60074,4,1,1,838.12,1,838.12,2,1,3,0,2,3
2010,1935,60076,76,55,55,149398.39,53,91556.81,14,4,71,1,62,69
2010,1935,60077,28,20,20,39453.46,17,24442.5,7,3,23,1,21,25
2010,1935,60089,2,2,2,14730.67,1,11455.12,0,0,0,2,2,2
2010,1935,60090,8,7,7,14847.86,7,11713.58,0,0,8,0,8,8
2010,1935,60091,8,7,7,19040.16,7,15026.22,1,0,8,0,7,8
2010,1935,60101,2,2,2,9268.619999999999,2,6784.62,0,0,2,0,2,2
2010,1935,60103,9,5,5,7225.7,6,5752.62,2,0,8,1,7,8
2010,1935,60104,4118,3081,3081,15093845.9,3477,14671244.56,853,308,3636,18,3229,3784
2010,1935,60107,26,13,13,67178.31,18,39861.05,11,1,24,1,15,25
2010,1935,60120,14,7,7,13207.91,11,18139.8,7,1,12,0,7,14
2010,1935,60126,10,9,9,29295.920000000002,7,20888.79,2,1,9,0,8,10
2010,1935,60130,895,643,643,1909317.22,698,1645624.12,206,138,715,20,685,799
2010,1935,60131,111,84,84,206398.56,98,164085.03,7,4,106,0,103,108
2010,1935,60133,29,16,16,55517.03,20,52048.82,15,3,24,1,14,26
2010,1935,60140,1,0,0,0,1,50,1,0,1,0,0,1
2010,1935,60141,4,2,2,10074.31,2,6462.3099999999995,4,2,1,0,0,3
2010,1935,60148,1,1,1,4650,0,0,1,0,0,0,0,0
2010,1935,60153,3855,3215,3215,14190786.13,3347,10258882.41,1082,422,3360,2,2759,3643
2010,1935,60154,2346,1866,1866,7749210.3,2072,9088511.74,226,97,2180,24,2101,2166
2010,1935,60155,1515,1268,1268,4829779.98,1321,4209662.13,254,78,1368,14,1246,1393
2010,1935,60156,1,0,0,0,0,0,1,0,0,0,0,0
2010,1935,60160,1473,1142,1142,4927129.09,1276,4945149.08,302,200,1220,2,1166,1395
2010,1935,60162,822,565,565,2346201.74,633,2001380.23,180,90,668,29,635,739
2010,1935,60163,414,335,335,1399084.06,360,1232408.1,39,10,401,1,375,387
2010,1935,60164,378,283,283,1203498.4,323,1611621.74,36,9,349,9,339,352
2010,1935,60165,250,162,162,955961.16,201,1446985.16,85,43,193,0,160,227
2010,1935,60169,14,6,6,6653.59,7,5161.51,6,1,13,0,8,14
2010,1935,60171,70,51,51,155686.15,52,126326.95,17,4,53,1,53,56
2010,1935,60172,8,4,4,26868.38,5,28462.27,1,0,8,0,7,8
2010,1935,60173,2,0,0,0,0,0,2,1,0,1,0,2
2010,1935,60176,60,48,48,174011.06,55,255500.86,6,3,53,4,54,60
2010,1935,60192,3,2,2,1966.19,3,2538.71,0,0,3,0,3,3
2010,1935,60193,13,7,7,31600.75,10,32357.88,3,0,13,0,10,12
2010,1935,60194,6,4,4,28791.57,4,5633.759999999999,2,0,6,0,4,6
2010,1935,60195,1,0,0,0,1,7858.43,0,0,1,0,1,1
2010,1935,60196,1,0,0,0,1,283.75,1,0,1,0,0,1
2010,1935,60201,58,37,37,93768.35,36,37359.07,16,5,52,0,42,54
2010,1935,60202,30,19,19,40956.43,17,25700.3,8,4,26,0,22,29
2010,1935,60203,5,3,3,10722.39,3,7681.71,2,0,5,0,3,5
2010,1935,60254,1,0,0,0,0,0,0,1,0,0,1,1
2010,1935,60290,2,1,1,3504.96,2,5306.23,1,1,1,0,1,2
2010,1935,60301,3,1,1,337.5,0,0,3,3,0,0,0,2
2010,1935,60302,382,297,297,717273.14,314,560633.9400000001,71,48,329,3,310,364
2010,1935,60304,154,108,108,268639.05,111,183033.81,39,22,128,4,115,143
2010,1935,60305,132,101,101,212555.79,109,203720.17,13,8,116,7,119,128
2010,1935,60402,1911,1467,1467,3892037.72,1599,3291388.44,235,164,1718,4,1671,1807
2010,1935,60404,2,1,1,5075.68,1,2667.57,0,0,2,0,2,2
2010,1935,60406,432,237,237,602954.7,277,327073.17,130,62,351,8,302,402
2010,1935,60409,1960,1322,1322,5109081.29,1424,2888435.61,582,145,1750,15,1368,1848
2010,1935,60411,1540,1029,1029,4207906.04,1026,1924466.58,565,68,1427,9,970,1448
2010,1935,60415,14,12,12,22262.58,10,9221.4,2,2,10,2,12,14
2010,1935,60417,5,4,4,15513.73,5,9134.24,1,0,5,0,4,4
2010,1935,60419,1988,1446,1446,5174245.32,1500,3049402.25,517,54,1917,2,1469,1880
2010,1935,60422,173,149,149,402370.98,156,299827.56,18,0,172,1,155,169
2010,1935,60423,1,1,1,770.12,1,770.12,0,0,1,0,1,1
2010,1935,60425,284,220,220,852803.03,230,480985.54,49,0,277,6,234,272
2010,1935,60426,2135,1320,1320,4664155.66,1465,2476301.22,951,150,1959,0,1167,2037
2010,1935,60428,688,455,455,1831678.62,472,1223129.17,236,4,678,1,451,661
2010,1935,60429,827,621,621,1863973.64,666,1257712.26,215,8,801,7,611,787
2010,1935,60430,277,219,219,713026.1,203,391214.9,53,5,267,5,224,260
2010,1935,60431,1,0,0,0,0,0,0,0,0,0,1,1
2010,1935,60438,447,356,356,1541732.49,343,743790.43,114,42,400,4,332,405
2010,1935,60439,17,12,12,34562.93,12,15850.05,1,0,17,0,16,16
2010,1935,60443,600,305,305,989166.6,347,571837.27,92,21,574,3,507,566
2010,1935,60445,118,77,77,221157.77,84,189353.12,30,13,99,5,88,113
2010,1935,60452,72,48,48,154913.76,61,158230.9,8,3,69,0,64,71
2010,1935,60453,220,173,173,491282.04,181,365163.48,19,5,201,12,201,208
2010,1935,60455,63,49,49,162581.65,52,160008.26,11,7,53,0,52,56
2010,1935,60456,9,4,4,6990.8099999999995,4,2507.5299999999997,1,0,9,0,8,9
2010,1935,60457,29,20,20,37321.6,23,34337.23,3,1,27,1,26,29
2010,1935,60458,77,36,36,143938.67,35,129159.2,44,29,31,3,30,49
2010,1935,60459,206,163,163,691709.62,169,616298.43,21,6,196,2,185,193
2010,1935,60461,202,137,137,446579.26,160,237011.88,22,1,201,0,179,198
2010,1935,60462,33,17,17,90419.15,20,48739.94,3,0,30,3,30,33
2010,1935,60463,22,17,17,69641.47,19,53693.22,0,0,21,1,22,20
2010,1935,60464,8,8,8,26873.22,7,22305.53,0,0,8,0,8,8
2010,1935,60465,20,14,14,39955.08,14,33791.6,7,6,14,0,13,20
2010,1935,60466,536,286,286,850424,312,483478.7,192,7,514,13,342,485
2010,1935,60467,21,9,9,20944.86,11,19498.86,1,0,20,0,20,19
2010,1935,60468,1,0,0,0,0,0,0,1,0,0,1,1
2010,1935,60469,74,40,40,139563.66,52,96233.19,26,9,63,1,47,68
2010,1935,60471,429,253,253,1245390.31,294,617699.64,80,9,412,3,349,408
2010,1935,60472,210,107,107,426946.37,104,184614.1,100,12,192,1,109,202
2010,1935,60473,1358,1075,1075,4301546.16,1146,2745384.28,200,7,1345,0,1158,1289
2010,1935,60475,42,24,24,68156.72,29,41324.02,10,2,40,0,32,41
2010,1935,60476,20,10,10,32446.079999999998,9,9655.42,10,1,19,0,10,19
2010,1935,60477,58,35,35,84169.85,40,58416.01,4,0,56,2,54,53
2010,1935,60478,735,494,494,1772313.1,590,1112179.45,167,0,720,11,566,703
2010,1935,60480,8,7,7,20556.25,8,18832.74,1,1,7,0,7,8
2010,1935,60482,17,11,11,26094.28,12,22659.17,1,1,13,2,16,15
2010,1935,60483,1,1,1,8668.6,1,1438.6,1,0,1,0,0,1
2010,1935,60484,24,11,11,19894.25,14,11823.07,13,1,22,1,11,22
2010,1935,60487,22,13,13,68409.11,13,36122.97,4,2,19,1,18,21
2010,1935,60490,1,0,0,0,0,0,0,0,1,0,1,0
2010,1935,60501,526,434,434,1728949.72,410,1304472.8,117,80,429,1,403,481
2010,1935,60513,370,310,310,1019977.49,323,971132.91,29,9,359,0,341,349
2010,1935,60521,2,2,2,5992.860000000001,2,6507.59,0,0,2,0,2,1
2010,1935,60525,176,141,141,453137.82,142,404509.99,20,12,159,0,156,166
2010,1935,60526,120,95,95,287223.1,103,241261.19,9,6,110,2,111,111
2010,1935,60527,5,5,5,26120.04,5,23205.739999999998,0,0,5,0,5,5
2010,1935,60532,1,0,0,0,0,0,0,0,1,0,1,0
2010,1935,60534,94,71,71,197782.84,74,167186.29,23,14,74,3,71,84
2010,1935,60546,590,492,492,1625400.34,532,1377927.05,48,28,560,0,540,563
2010,1935,60558,42,34,34,44682.51,37,46100.53,2,0,40,0,40,39
2010,1935,60586,1,0,0,0,0,0,0,0,1,0,1,1
2010,1935,60601,2,1,1,580,0,0,1,0,0,0,0,0
2010,1935,60604,3,3,3,9577.08,3,5892.19,0,0,3,0,3,1
2010,1935,60605,4,0,0,0,0,0,1,0,3,0,3,3
2010,1935,60606,2,1,1,2828.77,1,2283.72,0,0,1,0,2,1
2010,1935,60607,270,87,87,157175.66,7,6182.82,137,84,14,154,130,171
2010,1935,60608,1131,883,883,3220860.65,905,2628911.15,293,283,801,5,830,1039
2010,1935,60609,2440,1731,1731,5768514.52,1799,4162567.17,939,600,1767,6,1482,2257
2010,1935,60610,14,6,6,30812.72,5,8814.9,12,10,3,0,2,13
2010,1935,60611,1,1,1,1398.35,1,1623.6,0,0,1,0,1,1
2010,1935,60612,934,593,593,2218655.97,596,1075536.62,556,341,524,38,371,859
2010,1935,60613,7,3,3,20495.95,4,27508.34,2,2,2,2,5,6
2010,1935,60614,24,12,12,36930.75,14,30933.86,9,7,13,1,15,19
2010,1935,60615,402,187,187,471645.75,199,308609.69,208,142,198,57,194,374
2010,1935,60616,213,127,127,312472.72,132,245149.73,47,61,131,8,161,190
2010,1935,60617,5883,4474,4474,11599414.69,4360,6980890.78,1457,512,5308,6,4406,5584
2010,1935,60618,489,364,364,1330886.11,366,1007686.43,146,128,335,13,341,455
2010,1935,60619,6813,5363,5363,16469835.96,5279,9811765.26,1893,905,5806,21,4892,6447
2010,1935,60620,7434,5706,5706,14688392.74,5760,8272265.89,2352,722,6640,8,5061,7023
2010,1935,60621,2287,1508,1508,4849833.47,1552,2075736.56,1258,641,1609,2,1018,2143
2010,1935,60622,164,87,87,280952.39,97,205886.66,73,65,74,15,91,148
2010,1935,60623,3684,2638,2638,10744725.58,2721,7690247,1546,1219,2351,14,2091,3454
2010,1935,60624,2798,1887,1887,7491575.04,1876,4292801.26,1559,1110,1590,17,1224,2577
2010,1935,60625,45,33,33,109598.35,33,62874.04,16,12,25,6,28,40
2010,1935,60626,31,16,16,109918.74,10,40547.3,19,17,8,5,12,28
2010,1935,60627,3,2,2,3946.44,2,1894.25,1,0,3,0,2,3
2010,1935,60628,7800,5586,5586,15309594.91,5793,8125776.86,2655,559,7153,8,5117,7407
2010,1935,60629,8044,6786,6786,25430946.51,6771,19232505.92,1996,1009,6928,7,6016,7635
2010,1935,60630,111,74,74,204096.58,76,165474.83,11,7,104,0,100,103
2010,1935,60631,75,65,65,105879.13,65,71181.41,4,3,72,0,71,72
2010,1935,60632,4665,3990,3990,16737678.53,4017,13902606.22,917,564,4012,3,3722,4428
2010,1935,60633,293,187,187,527237.85,204,325096.1,83,24,258,5,209,276
2010,1935,60634,519,400,400,1144811.46,417,987099.68,67,30,485,2,447,500
2010,1935,60636,4783,3491,3491,10867397.14,3509,6079086.35,2086,569,4149,1,2680,4516
2010,1935,60637,1472,985,985,3694072.02,925,1661054.73,816,596,773,70,650,1371
2010,1935,60638,2833,2322,2322,5872757.91,2375,5257101.47,263,57,2740,15,2554,2691
2010,1935,60639,3775,3005,3005,11539936.46,3154,9425613.15,1160,819,2874,7,2599,3540
2010,1935,60640,11,3,3,4878.85,3,4667.88,8,5,2,4,3,11
2010,1935,60641,633,448,448,1547778.6,457,1211539.54,124,76,540,8,507,593
2010,1935,60642,51,18,18,84161.18,26,69696.37,22,15,29,4,29,43
2010,1935,60643,4230,3104,3104,8106792.89,3323,5217813.76,1040,126,4053,15,3176,4024
2010,1935,60644,3566,2704,2704,10144519,2681,6478655.24,1639,1076,2416,13,1910,3320
2010,1935,60645,46,27,27,79832.4,24,35382.54,19,14,27,3,26,38
2010,1935,60646,52,44,44,100188.98,40,48025.2,3,1,51,0,49,49
2010,1935,60647,523,362,362,1220857.87,375,990335.98,172,142,338,18,347,466
2010,1935,60649,1771,1292,1292,4129799.2,1141,2021970.41,649,497,1178,63,1114,1670
2010,1935,60651,5946,4652,4652,18562028.27,4857,13718801.63,2342,1279,4536,6,3578,5587
2010,1935,60652,2561,2063,2063,4779437.52,2238,3532030.19,286,41,2497,12,2274,2441
2010,1935,60653,734,528,528,1835398.85,431,1038145.74,378,269,379,72,356,683
2010,1935,60654,1,0,0,0,1,263.97,0,0,0,1,1,1
2010,1935,60655,1361,1157,1157,2025706.6,1194,1124738.05,24,11,1340,7,1332,1297
2010,1935,60656,47,30,30,57866.99,31,34680.98,4,1,46,0,43,43
2010,1935,60657,6,3,3,10364.27,3,8784.27,0,0,4,2,6,5
2010,1935,60658,1,1,1,479.42,1,479.42,1,1,0,0,0,1
2010,1935,60659,29,18,18,66714.58,18,47368.65,9,6,20,3,20,26
2010,1935,60660,14,7,7,31378.76,6,9029.46,11,11,3,0,3,12
2010,1935,60663,1,0,0,0,0,0,1,0,1,0,0,1
2010,1935,60673,1,1,1,10000.83,1,4017.04,0,0,1,0,1,1
2010,1935,60678,1,1,1,2927.42,1,2109.78,0,0,1,0,1,1
2010,1935,60684,2,1,1,3405.29,1,1599.29,1,1,0,0,1,1
2010,1935,60689,1,1,1,2924.1,1,2924.1,0,1,0,0,1,1
2010,1935,60693,1,1,1,1998.16,1,2751.59,0,0,1,0,1,1
2010,1935,60706,58,50,50,99099.02,50,74906.3,10,2,55,1,48,55
2010,1935,60707,1281,1093,1093,3554394.58,1156,3326226.93,131,92,1162,18,1147,1204
2010,1935,60712,15,14,14,53637.35,13,27787.78,3,0,15,0,12,15
2010,1935,60714,43,31,31,56168.1,31,48476.38,4,2,41,0,38,42
2010,1935,60803,145,75,75,217686.49,97,196061.54,37,27,103,8,108,130
2010,1935,60804,6390,5416,5416,20806698.76,5566,17614480.16,1141,816,5463,10,5213,6093
2010,1935,60805,483,370,370,721331.16,396,518184.21,44,4,477,1,438,465
2010,1935,60827,2041,1320,1320,4562132.7,1414,2520576,667,195,1825,6,1368,1927
2010,1935,60828,1,1,1,3778.76,1,7171.37,0,0,1,0,1,1
2010,1935,60958,1,0,0,0,0,0,1,0,1,0,0,1
2010,1935,66017,1,1,1,2115.75,1,623.49,0,0,1,0,1,1
2010,1935,66019,1,0,0,0,0,0,0,1,0,0,1,1
2010,1935,66039,1,1,1,3357.96,1,4050.7,0,0,1,0,1,0
2010,1935,69619,1,1,1,931,1,931,0,0,1,0,1,1
2013,4116,50162,1,0,0,0,0,0,0,0,1,0,1,1
2013,4116,60004,29,15,15,33529.14,18,37898.19,5,1,28,0,24,28
2013,4116,60005,13,5,5,6149.18,7,7268.82,2,1,11,1,11,10
2013,4116,60007,8,6,6,20984.29,4,10854.34,3,2,5,1,5,7
2013,4116,60008,6,3,3,8657.91,3,7746.780000000001,3,2,4,0,3,4
2013,4116,60010,10,6,6,22721.85,7,20010.73,0,0,10,0,10,9
2013,4116,60016,521,309,309,1013988.16,399,2101299.82,162,99,384,20,355,476
2013,4116,60018,198,138,138,421870.1,159,556018.8,23,4,184,3,175,184
2013,4116,60022,9,7,7,21510.07,5,11617.5,1,0,8,1,8,8
2013,4116,60025,245,173,173,661984.58,175,885678.08,12,4,238,2,232,236
2013,4116,60026,13,8,8,26574.58,6,16933.81,2,0,13,0,11,12
2013,4116,60043,6,5,5,9331.28,6,9830.67,0,0,6,0,6,6
2013,4116,60053,312,240,240,723092.01,202,600681.07,5,0,311,1,306,303
2013,4116,60056,98,64,64,202541.49,61,274794.1,11,6,89,0,86,92
2013,4116,60062,27,16,16,30579.2,17,36510.8,1,0,27,0,26,27
2013,4116,60067,17,10,10,20002.4,7,12560.640000000001,2,1,14,2,15,16
2013,4116,60068,735,526,526,1225399.77,502,1229308.79,38,4,721,2,692,691
2013,4116,60070,9,3,3,6632.21,3,5969.75,5,2,4,1,4,5
2013,4116,60074,15,10,10,20751.78,11,22663.64,3,1,13,1,12,13
2013,4116,60076,684,489,489,1241471.36,401,956248.01,87,42,621,11,595,637
2013,4116,60077,260,168,168,372468.82,146,296720.88,58,31,211,10,201,229
2013,4116,60089,6,3,3,9604.77,3,6532.62,1,0,6,0,5,6
2013,4116,60090,67,43,43,255066.2,43,191407.69,11,3,21,2,56,63
2013,4116,60091,218,133,133,435258.58,133,414964.91,14,0,217,0,201,209
2013,4116,60093,36,13,13,36791.85,20,54310.85,2,1,35,0,33,32
2013,4116,60101,2,2,2,6816.23,2,6533.219999999999,0,0,2,0,2,2
2013,4116,60103,5,4,4,7360.16,2,2398.96,2,0,5,0,3,4
2013,4116,60104,2063,1521,1521,5124214.62,1480,4027054.34,509,122,1897,3,1542,1941
2013,4116,60106,2,0,0,0,0,0,2,0,1,0,0,1
2013,4116,60107,18,7,7,20368.9,5,1648.71,11,0,17,1,7,16
2013,4116,60120,18,5,5,8677.69,9,11718.76,10,3,13,0,8,14
2013,4116,60126,1,1,1,1221.72,1,1221.72,0,0,1,0,1,1
2013,4116,60130,188,111,111,245117.1,116,197438.66,58,38,142,6,128,165
2013,4116,60131,204,132,132,266225.75,167,341691.57,17,6,192,2,187,192
2013,4116,60133,26,13,13,43681.72,12,34910.55,11,0,25,1,15,23
2013,4116,60153,1726,1252,1252,3421451.18,1152,2038166.66,527,138,1570,2,1188,1616
2013,4116,60154,666,427,427,1096291.46,434,1326561.06,91,20,641,2,568,615
2013,4116,60155,659,471,471,1126756.7,418,894615.63,126,34,618,1,533,621
2013,4116,60160,536,395,395,1141988.68,427,1119531.17,118,56,469,1,413,507
2013,4116,60162,413,302,302,1034358.07,285,853127.02,117,57,340,14,295,389
2013,4116,60163,293,228,228,704949.61,212,606911.22,44,10,282,0,248,270
2013,4116,60164,318,215,215,923524.5,254,1239188.58,45,12,289,11,268,293
2013,4116,60165,170,98,98,503453.1,137,800229.26,64,16,145,0,105,157
2013,4116,60169,18,8,8,15921.32,10,15014.88,12,1,17,0,6,17
2013,4116,60171,214,155,155,353340.53,168,429189.94,22,14,195,0,191,196
2013,4116,60172,6,2,2,3061.35,2,5469.8,1,0,6,0,5,6
2013,4116,60173,3,0,0,0,0,0,3,0,3,0,0,3
2013,4116,60176,147,109,109,237579.28,123,264936.01,23,17,124,4,122,138
2013,4116,60178,1,0,0,0,1,4627.6,0,0,0,0,1,1
2013,4116,60193,8,8,8,25263.57,7,17345.06,1,1,7,0,7,8
2013,4116,60194,15,8,8,27286.94,9,12543.94,9,0,13,2,6,14
2013,4116,60195,1,1,1,783.98,0,0,0,0,1,0,1,1
2013,4116,60201,158,101,101,166716.09,108,134827.37,43,13,142,0,114,139
2013,4116,60202,112,75,75,125018.48,64,87165.43,26,12,93,6,86,102
2013,4116,60203,48,31,31,106021.74,28,95676.4,3,1,46,0,45,45
2013,4116,60290,4,3,3,3263.6,1,881.2,1,0,3,0,3,3
2013,4116,60302,79,52,52,109522.74,56,80862.7,20,13,62,2,59,70
2013,4116,60304,68,43,43,73852.46,50,58242.95,18,13,54,1,50,63
2013,4116,60305,58,34,34,73309.36,39,73798.36,9,6,48,3,48,54
2013,4116,60402,647,501,501,3377430.21,487,3237798.49,112,60,561,3,533,603
2013,4116,60406,354,208,208,442231.5,224,349902.84,131,53,272,4,221,312
2013,4116,60409,2348,1465,1465,3909287.35,1526,2378052.27,746,135,2114,13,1595,2175
2013,4116,60411,2063,1329,1329,3898362.28,1385,2319232.51,799,117,1869,11,1253,1910
2013,4116,60415,15,11,11,44354.96,12,36488.46,4,3,11,1,11,15
2013,4116,60419,2010,1234,1234,3101450.84,1382,2158269.31,632,56,1934,5,1372,1882
2013,4116,60422,171,127,127,461643.4,130,281321.36,26,0,168,2,145,163
2013,4116,60425,332,215,215,670397.64,260,567517.86,68,4,323,4,264,316
2013,4116,60426,2077,1244,1244,3077817.08,1345,1777471.6,999,130,1920,0,1063,1975
2013,4116,60428,622,355,355,1150613.3,380,753133.5700000001,233,6,607,0,387,587
2013,4116,60429,785,499,499,1467308.62,521,905300.71,264,9,757,10,521,747
2013,4116,60430,317,212,212,590669.19,242,402254.85,61,6,300,8,256,298
2013,4116,60437,1,1,1,1929.61,1,299.61,1,1,0,0,0,1
2013,4116,60438,559,348,348,973744.06,384,631775.7,175,52,484,12,384,509
2013,4116,60439,10,4,4,13387.85,4,12057.84,2,0,10,0,8,8
2013,4116,60443,454,312,312,796159.99,318,525756.22,85,9,434,6,367,437
2013,4116,60445,118,74,74,182193.67,79,151150.09,36,18,96,1,82,107
2013,4116,60452,69,43,43,121590.72,48,120415,15,4,63,0,54,64
2013,4116,60453,144,92,92,336302.49,93,301325.52,28,13,125,4,116,130
2013,4116,60455,21,14,14,71354.52,15,63117.99,3,1,19,0,18,19
2013,4116,60456,6,1,1,787.67,1,787.67,1,0,6,0,5,5
2013,4116,60457,19,9,9,16580.37,9,16182.04,7,4,14,0,11,16
2013,4116,60458,40,11,11,12504.04,8,10196.88,33,26,5,2,7,26
2013,4116,60459,83,54,54,222953.85,64,206893.66,15,5,77,0,66,78
2013,4116,60461,143,99,99,281110.63,112,203298.33,18,1,142,0,125,141
2013,4116,60462,20,9,9,32480.87,12,33804.22,4,3,17,0,16,19
2013,4116,60463,8,4,4,14360.039999999999,4,14959.26,0,0,6,1,8,7
2013,4116,60464,4,3,3,3914.64,4,4360.8,0,0,4,0,4,4
2013,4116,60465,15,6,6,56360.270000000004,7,60221.54,5,3,9,1,10,11
2013,4116,60466,565,330,330,951985.83,334,522485.55,209,7,516,39,355,517
2013,4116,60467,18,11,11,23159.97,12,21050.64,1,0,18,0,17,18
2013,4116,60469,107,73,73,145175.93,80,132346.2,33,11,94,1,74,101
2013,4116,60471,395,232,232,631223.24,254,403053.48,126,15,373,5,267,361
2013,4116,60472,235,128,128,388340.43,127,242758.1,93,3,224,1,139,224
2013,4116,60473,1534,1073,1073,3114497.2,1124,2182452.4,266,3,1524,0,1264,1469
2013,4116,60475,39,26,26,50541.46,29,43260.67,16,3,35,0,23,35
2013,4116,60476,26,16,16,54041.81,15,22588.02,6,1,25,0,20,25
2013,4116,60477,46,30,30,82926.81,32,69740.81,5,1,41,3,41,44
2013,4116,60478,743,528,528,1776896.8,518,1157002.27,211,4,722,13,531,706
2013,4116,60480,6,5,5,16031.07,4,5711.93,0,0,6,0,6,6
2013,4116,60482,8,4,4,7777.52,4,5334.73,4,3,5,0,4,7
2013,4116,60484,9,5,5,11595.880000000001,5,7352.4800000000005,8,1,8,0,1,9
2013,4116,60487,19,10,10,49720.490000000005,11,23223.14,8,4,14,1,11,18
2013,4116,60501,66,46,46,109559.24,52,94152.68,23,11,54,1,43,62
2013,4116,60504,1,1,1,1186.35,0,0,0,0,1,0,1,1
2013,4116,60513,426,339,339,1149280.97,355,1188534.69,42,13,403,3,384,397
2013,4116,60521,3,1,1,631.39,1,631.39,0,0,3,0,3,3
2013,4116,60525,76,47,47,111662.86,43,79407.81,19,10,56,2,56,65
2013,4116,60526,94,71,71,167645.56,67,142506.49,11,6,85,1,83,83
2013,4116,60527,2,2,2,30961.79,2,26567.79,0,0,2,0,2,2
2013,4116,60534,50,34,34,168846.41999999998,40,147165.26,10,7,43,0,40,46
2013,4116,60546,236,161,161,474293.63,180,680727.58,46,28,200,6,185,224
2013,4116,60558,16,10,10,28723.45,14,29770.329999999998,0,0,16,0,16,16
2013,4116,60604,1,0,0,0,0,0,1,1,0,0,0,0
2013,4116,60605,3,1,1,149.88,1,149.88,0,0,2,1,3,3
2013,4116,60607,7,0,0,0,0,0,6,4,2,0,1,2
2013,4116,60608,98,53,53,153727.7,47,104738.42,54,37,54,5,42,85
2013,4116,60609,860,526,526,1281807.27,518,746456.49,511,216,634,0,346,808
2013,4116,60610,17,3,3,16855.79,1,6480.2,16,11,2,1,1,13
2013,4116,60612,421,229,229,625396.38,216,306931.36,283,158,239,14,137,385
2013,4116,60613,8,4,4,11652.18,1,1387.12,5,5,2,1,3,8
2013,4116,60614,7,3,3,2936.2,2,1663.35,4,5,1,1,2,6
2013,4116,60615,231,108,108,297918.49,110,105373.37,158,116,84,28,72,198
2013,4116,60616,52,27,27,50305.25,24,27430.34,25,16,32,2,27,43
2013,4116,60617,2955,1773,1773,3536838.99,1962,2323354.2,953,223,2698,8,1993,2775
2013,4116,60618,144,88,88,201291.2,92,194349.41,45,31,102,5,95,127
2013,4116,60619,4129,2744,2744,6580228.07,2756,3960061.47,1491,457,3563,25,2626,3866
2013,4116,60620,4414,2698,2698,5302790.55,3023,3359456.99,1746,395,3969,4,2648,4136
2013,4116,60621,1502,812,812,1929631.38,825,851999.93,963,395,1077,2,536,1395
2013,4116,60622,41,23,23,38233.88,16,35325.51,31,24,12,4,10,33
2013,4116,60623,976,531,531,1898977.65,439,801099.84,699,477,483,6,270,922
2013,4116,60624,1175,691,691,2244276,634,1075376.71,803,517,640,8,368,1109
2013,4116,60625,217,146,146,541258.13,158,669414.14,54,41,154,12,160,199
2013,4116,60626,62,35,35,60253.13,33,51852.86,40,32,22,7,21,51
2013,4116,60628,5604,3743,3743,7305846.45,3881,4084594.05,2203,350,5194,4,3370,5309
2013,4116,60629,1848,1305,1305,2674887.1,1368,1896955.88,678,283,1542,2,1163,1716
2013,4116,60630,477,350,350,666688.75,299,558556.39,36,19,456,1,440,454
2013,4116,60631,508,370,370,647586.47,372,648967.52,30,6,486,6,476,475
2013,4116,60632,284,188,188,590395.59,199,448327.09,87,33,246,1,195,265
2013,4116,60633,343,232,232,712097.64,245,495900.82,116,28,308,4,226,324
2013,4116,60634,866,699,699,1566813.95,719,1613912.64,52,12,845,3,809,826
2013,4116,60636,2569,1538,1538,3440707.07,1680,1782399.66,1329,305,2230,3,1235,2419
2013,4116,60637,930,499,499,1124564.1,472,510239.85,583,385,486,33,340,840
2013,4116,60638,254,170,170,296697.06,190,226405.31,62,7,245,0,192,234
2013,4116,60639,679,499,499,1614664.74,529,1101802.6,280,186,487,1,398,647
2013,4116,60640,12,1,1,7697.75,2,4988.23,9,6,4,2,3,11
2013,4116,60641,126,82,82,214283.12,65,113508.3,32,24,102,0,93,113
2013,4116,60642,18,6,6,13849.14,5,12372.869999999999,12,6,11,0,6,15
2013,4116,60643,2842,2019,2019,4281041.71,2000,2601768.3,896,89,2718,13,1934,2713
2013,4116,60644,1811,1086,1086,2955103.74,1075,1775812.86,1036,635,1145,9,769,1709
2013,4116,60645,157,103,103,176063.64,110,191736.52,36,24,123,9,120,146
2013,4116,60646,360,271,271,442442.45,242,377994.08,13,8,344,4,346,344
2013,4116,60647,104,64,64,210084.37,52,103594.47,48,31,66,3,55,88
2013,4116,60649,868,326,326,647843.53,362,317275.8,454,311,506,31,409,781
2013,4116,60651,2019,1253,1253,3081699.93,1398,2031995.84,947,524,1466,8,1069,1889
2013,4116,60652,1301,1002,1002,2299844.87,895,1254060.45,204,31,1258,6,1097,1238
2013,4116,60653,404,219,219,545778.99,189,193707.33,252,169,204,21,151,368
2013,4116,60654,1,0,0,0,0,0,1,0,0,0,0,0
2013,4116,60655,200,153,153,246433.4,166,212637.68,12,4,195,0,188,190
2013,4116,60656,386,290,290,530073.51,300,515578.02,22,9,367,4,362,374
2013,4116,60657,3,0,0,0,2,725.27,0,0,3,0,3,3
2013,4116,60659,154,103,103,169962.97,104,188108.84,24,16,130,5,128,147
2013,4116,60660,15,2,2,4541.18,4,5801.04,8,6,7,1,7,12
2013,4116,60661,2,1,1,4965,0,0,2,1,1,0,0,0
2013,4116,60666,1,0,0,0,0,0,1,0,0,0,0,0
2013,4116,60678,1,1,1,509.66,1,509.66,0,0,1,0,1,1
2013,4116,60706,194,149,149,293231.62,159,315730.88,16,1,189,1,177,183
2013,4116,60707,575,449,449,930769.6,474,929216.78,61,29,533,4,510,545
2013,4116,60712,222,176,176,566272.73,178,532443.71,28,1,220,0,193,210
2013,4116,60714,509,361,361,815112.71,306,708296.89,29,5,495,3,478,476
2013,4116,60803,81,45,45,127832.8,46,122433.6,28,18,52,9,52,74
2013,4116,60804,474,355,355,1004945.35,331,720198.71,119,76,396,1,354,447
2013,4116,60805,242,162,162,324107.44,180,228577.21,45,7,232,2,195,229
2013,4116,60827,1898,1206,1206,3270065.19,1217,1895526.72,708,161,1694,5,1182,1777
2013,4116,61603,1,0,0,0,0,0,1,1,0,0,0,1
2023,4728,60004,15,6,6,22044.67,3,9580.17,7,2,10,3,8,13
2023,4728,60005,10,2,2,600,1,1115.48,4,3,6,1,6,9
2023,4728,60007,11,2,2,30556.370000000003,2,23254.620000000003,4,2,7,1,7,11
2023,4728,60008,10,5,5,38692.4,3,5740.66,8,3,7,0,2,9
2023,4728,60010,8,4,4,10015.25,3,6061.25,4,0,8,0,4,7
2023,4728,60016,56,22,22,87683.9,17,35546.29,31,19,34,3,25,45
2023,4728,60018,21,12,12,46676.28,7,30198.66,8,5,13,0,13,19
2023,4728,60022,2,0,0,0,0,0,0,0,2,0,2,2
2023,4728,60025,14,7,7,61679.880000000005,4,18207.82,4,1,12,1,10,12
2023,4728,60026,3,0,0,0,0,0,3,2,1,0,0,2
2023,4728,60053,19,12,12,24650.03,10,24436.86,3,1,18,0,16,18
2023,4728,60056,26,10,10,30521.87,9,18212.47,15,8,17,1,11,22
2023,4728,60062,11,2,2,2751,2,2751,4,2,9,0,7,9
2023,4728,60067,14,5,5,30815.239999999998,4,19816.03,6,2,11,0,8,13
2023,4728,60068,36,22,22,58174.12,17,37033.47,5,1,34,0,31,32
2023,4728,60070,6,2,2,35289.35,2,6946.38,2,0,4,2,4,6
2023,4728,60074,22,15,15,49406.4,9,24939.100000000002,13,8,12,2,9,21
2023,4728,60076,59,39,39,181373.82,33,116379.7,15,6,52,1,44,54
2023,4728,60077,28,17,17,96718.48,15,52292.72,9,2,25,1,19,26
2023,4728,60090,16,7,7,7582.05,3,5548.66,8,4,12,0,8,13
2023,4728,60091,12,6,6,14984.88,4,7502.88,6,1,11,0,6,12
2023,4728,60093,5,2,2,21244.33,2,18871.31,2,0,5,0,3,5
2023,4728,60103,11,6,6,7435.96,2,2429.96,5,0,11,0,6,9
2023,4728,60104,715,530,530,2650709.98,478,1787365.23,211,41,669,2,504,662
2023,4728,60107,50,30,30,92647.86,16,22313.739999999998,35,3,44,1,15,44
2023,4728,60120,10,6,6,16468.98,5,14073.65,3,0,10,0,7,9
2023,4728,60126,2,1,1,1712.12,1,1712.12,0,0,2,0,2,1
2023,4728,60130,158,98,98,454498.69,88,298255,73,44,107,5,85,141
2023,4728,60131,35,26,26,96247.37,23,79217.48,5,2,33,0,30,31
2023,4728,60133,24,14,14,60517.020000000004,10,31972.48,12,1,23,0,12,21
2023,4728,60141,1,0,0,0,0,0,1,1,0,0,0,1
2023,4728,60153,1117,894,894,4630639.93,772,2909746.69,361,122,986,1,752,1053
2023,4728,60154,174,133,133,433294,103,284281.75,46,9,164,0,126,157
2023,4728,60155,335,253,253,982356.08,235,572040.3,95,30,301,1,240,309
2023,4728,60160,66,48,48,210891.83,47,191435.09,20,8,56,1,45,65
2023,4728,60162,140,108,108,450496.67,84,283519.84,41,9,129,2,97,133
2023,4728,60163,78,55,55,244003.56,41,160587.13,20,5,73,0,58,67
2023,4728,60164,38,23,23,117886.63,19,69851.55,10,5,33,0,27,35
2023,4728,60165,16,7,7,30541.940000000002,9,43592.37,7,3,13,0,9,16
2023,4728,60169,14,4,4,6661.93,3,2648.56,3,1,12,1,11,11
2023,4728,60171,31,20,20,84560.44,17,53233.01,4,2,27,2,27,28
2023,4728,60172,1,1,1,2872.43,1,2872.43,0,0,1,0,1,1
2023,4728,60173,3,1,1,8370.08,1,4189.58,2,2,1,0,1,2
2023,4728,60176,23,12,12,50890.270000000004,11,34263.04,7,3,18,1,16,21
2023,4728,60192,7,3,3,8536,1,558,3,0,7,0,4,6
2023,4728,60193,13,6,6,7931.36,2,1417.3600000000001,9,4,6,3,4,11
2023,4728,60194,18,8,8,20823.55,6,9591.55,12,4,14,0,6,15
2023,4728,60195,1,0,0,0,0,0,1,1,0,0,0,0
2023,4728,60201,61,38,38,89544.91,26,62383.93,29,14,46,1,32,58
2023,4728,60202,41,24,24,57664.69,16,37144.2,18,9,29,1,23,38
2023,4728,60203,7,6,6,18624.57,5,14230.08,0,0,7,0,7,7
2023,4728,60301,7,3,3,1852.86,0,0,7,5,2,0,0,6
2023,4728,60302,354,259,259,1178428.31,234,986457.94,72,51,288,11,282,327
2023,4728,60304,170,136,136,571524.65,98,386775.74,42,32,130,7,128,157
2023,4728,60305,25,16,16,44441.08,12,34023.03,13,4,18,2,12,24
2023,4728,60317,1,1,1,300,0,0,0,0,1,0,1,1
2023,4728,60338,1,1,1,579,0,0,1,0,1,0,0,1
2023,4728,60402,2102,1641,1641,6061078.21,1446,4830634.51,265,153,1902,14,1827,1973
2023,4728,60403,1,1,1,2880,1,2087.12,1,1,0,0,0,1
2023,4728,60406,539,397,397,1378152.13,300,921131.62,184,98,408,3,354,493
2023,4728,60408,1,1,1,5883.27,1,6078.17,1,0,1,0,0,1
2023,4728,60409,3408,2558,2558,9230864.26,2044,5849166.91,1042,281,2997,27,2347,3129
2023,4728,60411,2434,1884,1884,6955537.05,1410,4186472.35,924,97,2202,18,1495,2246
2023,4728,60414,1,0,0,0,0,0,1,0,1,0,0,1
2023,4728,60415,62,33,33,76282.84,15,47880.49,27,17,36,8,35,57
2023,4728,60418,39,31,31,102006.94,14,43291.15,14,7,27,4,25,37
2023,4728,60419,2928,2266,2266,9103216.65,1644,5721394.8,902,81,2806,9,2020,2737
2023,4728,60422,277,217,217,1037062.03,177,615749.3,43,1,267,9,231,263
2023,4728,60425,447,352,352,1183546.67,246,779864.12,119,15,408,19,327,411
2023,4728,60426,2091,1616,1616,6350889.07,1292,3981614.12,826,92,1963,3,1256,1951
2023,4728,60428,757,586,586,1711928.12,318,923733.79,304,2,750,0,452,690
2023,4728,60429,1058,833,833,3227546.63,417,1907663.97,407,29,1009,12,647,974
2023,4728,60430,528,403,403,1264959.86,263,835621.56,98,21,480,22,429,495
2023,4728,60438,1332,1035,1035,3069304.06,722,1823639.06,349,83,1219,18,981,1235
2023,4728,60439,16,7,7,25920.79,5,17799.78,4,0,14,1,12,14
2023,4728,60443,809,598,598,2344724.45,435,1388585.47,209,37,747,10,600,754
2023,4728,60445,141,99,99,495566.85,75,331443.22,72,29,107,2,69,131
2023,4728,60452,113,80,80,181896.06,35,133869.51,33,9,104,0,80,102
2023,4728,60453,307,199,199,726437.49,142,458037.22,75,33,250,19,231,279
2023,4728,60455,44,33,33,168554.61,25,120757.23,10,4,37,0,34,42
2023,4728,60456,13,10,10,8642.71,4,5956.98,5,0,12,0,8,12
2023,4728,60457,47,36,36,199562.47,25,102301.19,9,5,38,3,38,45
2023,4728,60458,66,41,41,101205.33,19,51503.04,48,39,20,1,18,60
2023,4728,60459,85,60,60,174341.66,37,127076.83,18,6,77,1,67,75
2023,4728,60461,168,131,131,444434.8,82,268144.18,23,0,165,2,145,158
2023,4728,60462,75,46,46,117550.01000000001,18,83270.82,23,6,66,3,50,71
2023,4728,60463,40,30,30,166664.68,24,129432.09,4,0,39,1,36,40
2023,4728,60464,15,8,8,48725.68,8,25814.73,1,0,15,0,14,14
2023,4728,60465,44,27,27,54873.15,10,30487.7,15,14,25,5,29,38
2023,4728,60466,983,734,734,3196427.79,558,2171011.59,349,13,948,16,631,898
2023,4728,60467,36,29,29,113808.88,19,76809.36,6,0,35,1,30,36
2023,4728,60469,113,78,78,318193.51,63,208640.9,37,14,97,0,76,101
2023,4728,60471,632,500,500,1509936.84,314,809177.41,202,27,597,3,425,572
2023,4728,60472,343,246,246,1230231.67,230,759073.02,160,15,322,2,181,323
2023,4728,60473,1980,1676,1676,7742459.93,1460,5299691.83,438,10,1958,2,1539,1858
2023,4728,60475,90,64,64,250815.39,61,162654.1,23,6,83,0,67,82
2023,4728,60476,81,58,58,133168.83000000002,37,89057.33,27,1,80,0,54,78
2023,4728,60477,128,81,81,100284.01,18,47864.270000000004,48,22,102,4,79,113
2023,4728,60478,1023,828,828,4288119.38,559,2799966.07,366,9,979,25,655,946
2023,4728,60480,14,8,8,9470.75,5,7970.75,3,1,10,2,11,13
2023,4728,60482,23,13,13,41931.18,8,36961.74,9,5,13,3,14,19
2023,4728,60484,2,0,0,0,1,734.26,2,1,1,0,0,2
2023,4728,60487,39,27,27,50706.78,9,40315.91,13,4,35,0,26,39
2023,4728,60501,88,55,55,187730.5,49,181055.98,25,12,74,0,63,76
2023,4728,60513,74,53,53,112075.56999999999,36,80604.57,8,3,70,0,65,67
2023,4728,60519,1,1,1,6059.67,1,1246.46,0,0,1,0,1,1
2023,4728,60525,46,23,23,56089.1,14,39812.9,14,5,38,2,32,46
2023,4728,60526,18,12,12,79183.4,13,34989.23,4,4,14,0,14,17
2023,4728,60527,5,4,4,11018.25,3,5552.25,0,0,5,0,5,5
2023,4728,60534,48,37,37,107782.26,24,77201.5,11,7,40,0,37,47
2023,4728,60546,157,124,124,593628.15,115,546370.38,18,8,146,2,137,150
2023,4728,60558,4,1,1,300,1,3728.08,0,0,4,0,4,2
2023,4728,60601,3,0,0,0,0,0,3,2,0,1,0,2
2023,4728,60604,1,0,0,0,0,0,1,0,0,0,0,1
2023,4728,60605,24,5,5,27971.66,2,24057.66,20,13,5,4,4,19
2023,4728,60606,1,0,0,0,0,0,0,0,1,0,1,1
2023,4728,60607,52,20,20,100638.01,8,19485.68,40,23,21,4,12,40
2023,4728,60608,269,152,152,527752.41,86,286364.69,167,112,133,8,100,232
2023,4728,60609,761,503,503,1739189.46,343,946044.25,402,163,565,10,350,702
2023,4728,60610,60,29,29,71601.81,6,16470.67,48,38,11,9,12,52
2023,4728,60611,15,2,2,20433.54,2,13272.17,10,6,5,3,5,10
2023,4728,60612,1001,619,619,2788137.2,421,1323328.77,716,431,515,26,276,919
2023,4728,60613,30,12,12,40542.89,8,16971.25,17,12,12,5,13,27
2023,4728,60614,43,20,20,81611.63,10,54914.46,25,16,15,9,18,39
2023,4728,60615,482,286,286,906143.48,161,420370.5,355,283,135,54,126,438
2023,4728,60616,132,67,67,193337.17,30,95235.49,86,70,41,14,44,108
2023,4728,60617,3791,2976,2976,8278706.1,2169,5649455.64,1420,332,3416,2,2349,3498
2023,4728,60618,251,163,163,759294.26,138,597249.67,82,49,183,8,167,228
2023,4728,60619,4714,3531,3531,10226684.69,2566,6767009.83,1764,682,3929,15,2913,4406
2023,4728,60620,4719,3586,3586,10021496.19,2444,5859197.81,1911,561,4093,10,2789,4396
2023,4728,60621,1457,1005,1005,2749487.95,515,1088358.75,833,478,945,4,615,1368
2023,4728,60622,128,70,70,335135.93,39,202985.63999999998,78,55,55,13,50,121
2023,4728,60623,2726,1904,1904,9891802.6,1601,7024013.92,1371,977,1648,9,1340,2521
2023,4728,60624,3174,2220,2220,12764424.64,1859,8139528.45,1777,1003,2015,33,1365,2918
2023,4728,60625,94,49,49,185264.33,39,134991.83,44,37,44,7,50,82
2023,4728,60626,86,44,44,179068.49,32,79335.89,51,44,21,21,35,71
2023,4728,60627,2,1,1,300,0,0,2,2,0,0,0,2
2023,4728,60628,6179,4722,4722,16764970.19,3595,10531562.01,2425,378,5715,5,3715,5765
2023,4728,60629,1480,1025,1025,3402178.65,751,2238164.35,575,319,1125,2,891,1378
2023,4728,60630,531,408,408,1676416.64,361,1461776.53,64,21,496,3,467,496
2023,4728,60631,81,60,60,181701.38,42,139630.34,9,5,76,0,72,74
2023,4728,60632,360,259,259,1160557.89,222,1050636.9,90,44,306,0,269,336
2023,4728,60633,463,364,364,1218469.01,232,675364.5,174,40,379,8,285,422
2023,4728,60634,725,550,550,2429489.32,514,2184898.11,97,37,681,1,623,681
2023,4728,60636,2082,1442,1442,5010927.92,1012,2747152.61,1038,283,1764,3,1034,1942
2023,4728,60637,1331,867,867,2573310.42,404,1139364.39,844,556,688,57,482,1204
2023,4728,60638,798,631,631,2294414.49,505,1930180.3,122,14,775,3,669,745
2023,4728,60639,2939,2269,2269,14041274.31,2260,12652724.12,841,455,2381,18,2079,2720
2023,4728,60640,55,24,24,168729.59,18,67419.3,39,34,14,5,16,46
2023,4728,60641,1053,822,822,3550653.83,803,3294869.34,154,84,937,14,895,977
2023,4728,60642,30,15,15,31511.44,11,13283.17,21,10,16,4,9,24
2023,4728,60643,3219,2228,2228,7349797.85,1667,4454830.05,1111,90,3098,5,2088,3022
2023,4728,60644,5276,3862,3862,21557425.26,3597,15252738.84,2284,1260,3829,18,2953,4877
2023,4728,60645,71,44,44,181361.7,32,101681.52,32,26,37,6,39,64
2023,4728,60646,88,68,68,263619.04,56,182036.84,13,4,81,2,75,84
2023,4728,60647,280,168,168,749144.87,142,518702.28,131,102,162,6,148,254
2023,4728,60649,1431,959,959,3902014.33,759,2549304.24,831,588,767,44,597,1305
2023,4728,60650,1,0,0,0,0,0,1,0,1,0,0,1
2023,4728,60651,5216,4036,4036,25349826.2,3876,19400925.92,1824,922,4149,13,3349,4860
2023,4728,60652,1457,1159,1159,4358045.71,884,2892608.96,336,29,1412,5,1118,1371
2023,4728,60653,637,391,391,980622.66,185,483000.72,419,306,250,65,215,587
2023,4728,60654,3,0,0,0,1,529.75,3,1,0,1,0,3
2023,4728,60655,755,617,617,2286454.12,495,1871001.95,25,5,743,2,729,718
2023,4728,60656,60,44,44,143308.88,37,134630.03,4,3,56,1,56,56
2023,4728,60657,17,5,5,30277.31,5,33851.4,6,6,4,5,11,10
2023,4728,60659,65,46,46,146812.72,28,100115.98,26,21,34,8,39,59
2023,4728,60660,36,17,17,54103.61,9,15196.08,21,17,12,6,15,32
2023,4728,60661,2,0,0,0,0,0,0,1,1,0,1,2
2023,4728,60677,1,0,0,0,0,0,1,1,0,0,0,1
2023,4728,60706,44,28,28,135674.38,26,104672,2,0,43,0,42,43
2023,4728,60707,461,346,346,1817212.11,284,1242967.47,85,38,412,8,375,436
2023,4728,60712,25,15,15,65655.2,16,48898.03,7,1,24,0,18,23
2023,4728,60714,36,27,27,107567.37,24,74351.21,4,2,32,1,32,36
2023,4728,60742,1,0,0,0,0,0,1,0,1,0,0,1
2023,4728,60748,1,1,1,300,0,0,1,0,1,0,0,1
2023,4728,60803,182,135,135,736733.7,108,501253.39,67,34,127,14,115,161
2023,4728,60804,7705,6296,6296,41515584.04,6341,40329280.34,1538,637,6861,49,6072,7286
2023,4728,60805,402,322,322,1313025.92,262,859147.65,72,14,386,0,327,372
2023,4728,60818,1,1,1,1924,1,1924,0,0,1,0,1,1
2023,4728,60827,2638,2029,2029,7700666.96,1613,4424303.08,1142,306,2284,20,1485,2430
2023,4728,60828,1,1,1,4010.8,1,1500.8,1,0,1,0,0,1
2023,4728,60840,1,1,1,4458.58,1,6188.04,0,0,1,0,1,1
2023,4728,61671,1,1,1,300,0,0,1,0,1,0,0,1
2023,4728,66023,1,0,0,0,0,0,1,1,0,0,0,1
2023,4728,68153,1,0,0,0,0,0,0,0,1,0,1,1
2023,4728,68652,1,0,0,0,0,0,1,1,0,0,0,0
2023,4728,69478,1,1,1,3625.98,1,1115.98,1,0,1,0,0,0
2023,4728,80478,1,1,1,300,0,0,1,0,1,0,0,1
2023,4749,60004,3,1,1,626.05,1,626.05,2,0,3,0,1,3
2023,4749,60005,2,0,0,0,0,0,2,2,0,0,0,1
2023,4749,60007,1,0,0,0,0,0,0,0,1,0,1,1
2023,4749,60008,2,2,2,3513.64,1,4762.63,1,0,2,0,1,2
2023,4749,60010,1,1,1,300,0,0,0,0,1,0,1,1
2023,4749,60016,9,5,5,15261.289999999999,5,14961.289999999999,3,2,6,1,6,7
2023,4749,60018,8,2,2,3483.45,3,3183.46,5,1,5,0,3,6
2023,4749,60022,1,0,0,0,0,0,0,0,1,0,1,1
2023,4749,60025,3,3,3,8765.39,3,8765.39,0,0,3,0,3,3
2023,4749,60053,6,4,4,27697.159999999996,3,16405.449999999997,2,0,6,0,4,5
2023,4749,60056,3,0,0,0,0,0,1,1,2,0,2,3
2023,4749,60062,1,0,0,0,1,0,1,0,1,0,0,1
2023,4749,60067,1,0,0,0,1,0,1,0,1,0,0,1
2023,4749,60068,7,4,4,31345.53,5,39212.57,0,0,6,1,7,7
2023,4749,60074,5,2,2,4028,0,0,4,2,3,0,1,5
2023,4749,60076,12,6,6,28821.39,7,34047.54,3,0,12,0,9,12
2023,4749,60077,5,3,3,16826.85,3,8790.85,1,1,4,0,4,5
2023,4749,60089,1,0,0,0,0,0,0,0,1,0,1,1
2023,4749,60090,4,1,1,10715.06,1,1302.4,2,0,4,0,2,4
2023,4749,60091,3,3,3,12165.400000000001,2,12423.400000000001,1,0,3,0,2,3
2023,4749,60093,1,0,0,0,0,0,1,1,0,0,0,1
2023,4749,60103,4,1,1,5317.7,0,0,2,1,3,0,2,4
2023,4749,60104,112,77,77,483495.27999999997,63,305832.25,44,13,99,0,67,106
2023,4749,60107,13,7,7,26457.95,2,3209.3,10,0,13,0,3,9
2023,4749,60120,13,5,5,33143.64,1,3213.64,8,1,10,0,5,5
2023,4749,60126,1,1,1,9478.45,1,4138.63,0,0,1,0,1,1
2023,4749,60130,24,13,13,41852.75,6,24380.440000000002,15,13,11,0,8,22
2023,4749,60131,6,2,2,5352.110000000001,3,4245.52,5,3,3,0,1,6
2023,4749,60133,2,0,0,0,0,0,1,0,2,0,1,1
2023,4749,60153,163,114,114,744069.43,81,388780.37,84,36,125,0,79,158
2023,4749,60154,28,15,15,109940.54000000001,18,92699.15,7,0,28,0,21,28
2023,4749,60155,45,31,31,157629.61,28,116270.04,15,3,40,0,30,43
2023,4749,60160,12,6,6,8036.48,3,7435.48,4,3,9,0,7,11
2023,4749,60162,26,15,15,108704.34,13,62065,6,3,22,0,20,26
2023,4749,60163,9,7,7,34644.71,5,27091.21,1,0,9,0,8,9
2023,4749,60164,7,3,3,11262.439999999999,3,8248.44,3,2,4,1,4,7
2023,4749,60165,2,2,2,11698.68,2,11698.68,0,0,2,0,2,2
2023,4749,60169,11,4,4,5187.29,3,5322.2,5,1,9,1,6,9
2023,4749,60171,2,0,0,0,0,0,1,0,2,0,1,2
2023,4749,60176,4,2,2,16251.72,1,4121.22,3,2,2,0,1,4
2023,4749,60181,1,0,0,0,0,0,1,0,1,0,0,1
2023,4749,60192,2,0,0,0,0,0,1,0,2,0,1,2
2023,4749,60193,2,0,0,0,0,0,2,1,0,1,0,2
2023,4749,60194,3,3,3,3614,1,2345,2,1,2,0,1,3
2023,4749,60195,1,0,0,0,0,0,1,1,0,0,0,1
2023,4749,60201,13,7,7,43012.75,4,8518.49,10,6,7,0,3,13
2023,4749,60202,15,7,7,23597.57,3,7409.4,8,5,9,1,7,14
2023,4749,60203,1,0,0,0,0,0,0,0,1,0,1,1
2023,4749,60287,1,1,1,300,0,0,1,0,1,0,0,1
2023,4749,60301,1,0,0,0,0,0,1,0,1,0,0,1
2023,4749,60302,21,13,13,78419.11,8,35648.25,12,7,13,1,9,21
2023,4749,60304,10,6,6,30731.539999999997,6,17716.399999999998,3,2,6,0,7,10
2023,4749,60305,3,1,1,300,1,367.45,1,0,3,0,2,3
2023,4749,60402,63,34,34,126984.82,21,58899.78,28,19,38,1,34,58
2023,4749,60406,162,98,98,331371.51,55,147731.57,67,40,113,0,95,151
2023,4749,60409,3099,2208,2208,9676679.39,1749,6475457.87,855,242,2698,21,2227,2880
2023,4749,60411,647,485,485,1628689.38,260,819467.96,255,33,567,3,389,625
2023,4749,60415,9,4,4,5414,1,1500,5,3,4,1,4,8
2023,4749,60418,17,12,12,19651.05,5,10157.050000000001,9,5,10,2,8,17
2023,4749,60419,1992,1495,1495,5967163.43,1103,3682102.35,555,77,1850,10,1428,1862
2023,4749,60422,69,50,50,188672.61,30,100646.25,11,2,65,1,58,69
2023,4749,60423,1,0,0,0,0,0,0,0,1,0,1,1
2023,4749,60425,104,82,82,212227.48,45,93015.18,28,1,100,1,76,101
2023,4749,60426,1067,789,789,2735675.48,500,1403782.94,406,50,1000,0,658,1033
2023,4749,60428,315,237,237,718999.39,128,341605.07,121,1,311,0,194,305
2023,4749,60429,401,316,316,1224226.25,205,614329.83,158,13,378,4,242,385
2023,4749,60430,133,98,98,282474.18,54,110317.8,15,1,127,3,117,131
2023,4749,60438,441,335,335,1161001.31,209,476968.67,123,32,402,4,317,431
2023,4749,60439,2,1,1,4054.05,1,626.05,1,0,2,0,1,2
2023,4749,60443,213,167,167,570267.02,96,260760.95,49,10,199,2,164,208
2023,4749,60445,55,40,40,134527.22,24,64538.1,31,18,35,0,24,51
2023,4749,60452,34,21,21,133181.02,13,42145.83,11,2,30,1,23,33
2023,4749,60453,43,26,26,40277.48,10,12788.95,17,5,30,6,26,42
2023,4749,60455,11,8,8,18778.67,1,1184.05,5,1,7,0,6,10
2023,4749,60456,2,1,1,1373.65,0,0,0,0,2,0,2,2
2023,4749,60457,4,3,3,42528.81,3,8234.86,1,1,3,0,3,4
2023,4749,60458,14,7,7,4673.65,1,2873.65,8,7,5,0,6,14
2023,4749,60459,20,8,8,31602.16,3,6421.110000000001,10,3,11,0,10,13
2023,4749,60461,38,28,28,171076.65,20,59837.520000000004,3,0,37,0,35,36
2023,4749,60462,21,17,17,110201.89,13,37810.23,7,1,18,1,14,20
2023,4749,60463,5,3,3,900,1,900,2,0,4,1,3,5
2023,4749,60464,2,2,2,1800,1,1500,0,0,2,0,2,2
2023,4749,60465,6,4,4,16493.34,3,8127.22,3,1,5,0,3,6
2023,4749,60466,244,182,182,503029.95,83,207389.21,79,3,235,3,165,241
2023,4749,60467,3,2,2,9663.89,2,5299.889999999999,1,0,3,0,2,3
2023,4749,60469,50,36,36,142417.79,21,67058.79,12,4,45,0,38,45
2023,4749,60471,159,125,125,380600.76,60,175220.15,50,4,148,4,109,152
2023,4749,60472,100,68,68,211561.44999999998,32,104679.24,49,7,90,0,50,94
2023,4749,60473,1155,961,961,4801729.89,780,3313543.57,232,2,1146,0,922,1118
2023,4749,60475,21,18,18,103524.26,13,62626.92,2,0,21,0,19,20
2023,4749,60476,23,19,19,47306.21,12,24146.75,7,1,22,0,16,23
2023,4749,60477,23,11,11,36610.409999999996,5,8464.79,8,0,20,1,15,20
2023,4749,60478,265,198,198,911920.89,137,421501.87,108,1,246,16,157,255
2023,4749,60480,3,1,1,8215.8,1,1867.45,1,0,3,0,2,3
2023,4749,60482,4,3,3,3614,0,0,1,0,2,0,3,3
2023,4749,60484,1,0,0,0,0,0,1,1,0,0,0,1
2023,4749,60487,10,6,6,5254.05,1,626.05,4,3,6,0,6,10
2023,4749,60501,9,7,7,40927.33,5,32669.48,2,2,7,0,7,9
2023,4749,60506,1,0,0,0,0,0,1,0,1,0,0,1
2023,4749,60513,5,5,5,9886.99,4,10486.99,0,0,5,0,5,5
2023,4749,60525,4,1,1,12291.94,1,12291.94,2,0,2,1,2,3
2023,4749,60526,4,1,1,1713.64,1,1713.64,3,3,1,0,1,3
2023,4749,60534,3,3,3,9246.91,2,6213.820000000001,1,1,2,0,2,3
2023,4749,60546,8,5,5,13555.939999999999,3,13597.89,0,0,8,0,8,8
2023,4749,60601,1,0,0,0,0,0,1,0,0,0,0,1
2023,4749,60602,1,1,1,1034.91,1,734.9,1,0,1,0,0,1
2023,4749,60603,2,0,0,0,0,0,2,1,0,0,0,1
2023,4749,60604,2,1,1,3728,0,0,1,1,1,0,1,2
2023,4749,60605,5,1,1,2360.12,1,2360.12,4,1,1,2,1,3
2023,4749,60607,15,7,7,9168.04,1,1500,13,8,5,0,2,12
2023,4749,60608,50,24,24,63522.21,7,8489.71,43,34,13,1,7,44
2023,4749,60609,170,101,101,379576.98,52,156510.35,111,51,111,3,58,161
2023,4749,60610,6,4,4,1200,0,0,6,5,1,0,0,5
2023,4749,60611,1,0,0,0,0,0,1,1,0,0,0,1
2023,4749,60612,178,85,85,432187.12,32,110463.35,147,120,45,7,31,169
2023,4749,60613,8,1,1,300,0,0,6,4,1,2,2,8
2023,4749,60614,12,3,3,6553.8099999999995,1,2825.82,10,7,4,1,2,12
2023,4749,60615,129,86,86,376606.9,25,87922.81,101,83,26,14,28,122
2023,4749,60616,27,13,13,51195.3,5,6959.6,20,13,10,1,7,23
2023,4749,60617,700,519,519,1729189.31,290,779439.68,319,89,603,1,375,685
2023,4749,60618,86,11,11,37028.4,3,18738.29,78,16,69,1,8,84
2023,4749,60619,1006,709,709,2291963.1,329,819245.02,502,237,749,1,500,968
2023,4749,60620,974,689,689,2200581.34,316,774563.9,457,170,784,2,512,947
2023,4749,60621,410,245,245,900811.31,112,263821.4,298,163,234,2,109,395
2023,4749,60622,35,12,12,32857.69,2,5339.6900000000005,29,19,14,0,6,32
2023,4749,60623,311,157,157,760562.67,63,242841.64,255,211,97,0,50,296
2023,4749,60624,360,182,182,962481.26,70,248695.62,295,236,115,1,61,346
2023,4749,60625,18,9,9,43015.43,4,23943.33,12,7,10,0,6,18
2023,4749,60626,12,8,8,16734.96,3,8300.97,8,9,2,1,4,11
2023,4749,60628,1631,1181,1181,4389175.01,834,2233120.67,740,145,1465,2,881,1583
2023,4749,60629,192,120,120,449729.48,68,185352.88,114,73,116,0,77,188
2023,4749,60630,32,23,23,162390.73,23,109463.64,4,3,29,0,28,32
2023,4749,60631,13,6,6,18830.43,6,19388.43,1,1,12,0,12,13
2023,4749,60632,40,21,21,120416.14,14,45173.01,20,18,21,0,20,38
2023,4749,60633,471,333,333,1251439.39,242,787207.39,126,32,420,2,344,442
2023,4749,60634,59,35,35,179376.85,32,123183.88,17,4,55,0,42,58
2023,4749,60636,382,254,254,1030035.32,137,312635.48,229,82,287,1,152,368
2023,4749,60637,385,237,237,806110.42,88,153285.37,276,202,151,17,108,364
2023,4749,60638,74,54,54,141932.61,34,94871.17,16,2,72,0,58,73
2023,4749,60639,116,60,60,313431.2,49,235694.45,62,49,64,0,52,112
2023,4749,60640,15,5,5,36789.66,1,3527.85,12,11,2,1,2,15
2023,4749,60641,51,20,20,61820.97,15,49103.62,32,24,24,2,19,49
2023,4749,60642,22,7,7,33399.33,3,17972.24,16,11,6,4,6,21
2023,4749,60643,616,474,474,1656345.46,311,811133.25,238,22,582,0,374,599
2023,4749,60644,349,181,181,1083000.68,105,402221.24,242,174,165,1,100,336
2023,4749,60645,20,7,7,25567.46,3,12617.36,9,7,10,2,10,18
2023,4749,60646,7,5,5,10553.34,2,6639.34,2,2,5,0,5,7
2023,4749,60647,25,13,13,78428.92,7,17995.41,18,11,11,1,7,22
2023,4749,60649,525,319,319,1133887.53,139,482437.75,359,279,226,13,165,514
2023,4749,60651,324,185,185,1019825.26,101,386975.71,216,157,158,0,108,307
2023,4749,60652,226,171,171,509001.25,90,246211.26,65,16,207,1,160,225
2023,4749,60653,138,86,86,216803.13,29,80600.99,100,72,47,10,38,124
2023,4749,60655,82,58,58,172268.72,39,102818.64,7,1,81,0,75,82
2023,4749,60656,5,3,3,10012.96,3,10012.96,2,0,5,0,3,5
2023,4749,60657,5,2,2,9368.9,0,0,4,4,1,0,1,5
2023,4749,60659,15,5,5,12032.189999999999,1,7771.64,10,8,3,4,5,14
2023,4749,60660,9,2,2,3725.7,1,3425.7,6,4,3,0,3,8
2023,4749,60661,1,0,0,0,0,0,0,0,0,1,1,1
2023,4749,60706,4,4,4,19419,4,17405,0,0,4,0,4,4
2023,4749,60707,33,19,19,121984.85,17,63332.61,14,8,24,0,19,32
2023,4749,60712,5,4,4,21540.61,4,12812.61,0,0,5,0,5,5
2023,4749,60714,4,4,4,83659.41,4,36264.67,0,0,4,0,4,4
2023,4749,60803,37,26,26,79783.71,7,15704.04,19,12,21,1,18,34
2023,4749,60804,89,46,46,175925.88999999998,28,93973.56,41,28,56,0,47,84
2023,4749,60805,76,61,61,202071.07,42,124300.13,15,5,70,0,60,74
2023,4749,60827,1212,880,880,2894137.06,572,1454658.24,510,149,1044,6,690,1164
2023,4749,60871,1,1,1,1253.7,1,953.7,1,0,1,0,0,1
2023,4749,66047,1,1,1,886.25,0,0,1,1,0,0,0,1
2023,4749,69473,1,0,0,0,0,0,1,0,1,0,0,1
2023,4749,69619,1,1,1,300,0,0,1,0,1,0,0,1
2023,4749,69652,1,1,1,300,0,0,0,0,1,0,1,1
2023,4749,70478,1,1,1,3213.64,1,3333.62,0,0,1,0,1,1
